,Time,Cur1,Volt1,Volt2,Volt3,Cur4
0,0.5270441,0.0999229,3.0,2.8294,2.83,-0.0999326
1,1.0399,0.0221343,3.0,2.9624,2.9632,-0.0221393
2,1.5526,0.0084681,3.0,2.9856,2.9863,-0.008471
3,2.1789,0.0022297,3.0,2.9936,2.9947,-0.0022306
4,2.6916,0.0019289,3.0,2.9969,2.9976,-0.0019291
5,3.2043,0.0015892,3.0,2.9973,2.9983,-0.0015894
6,3.717,0.0013707,3.0,2.9978,2.9987,-0.0013709
7,4.2296,0.0012476,3.0,2.9977,2.9986,-0.001248
8,4.7423,0.0011321,3.0,2.9976,2.9991,-0.0011323
9,5.255,0.0010479,3.0,2.9979,2.9992,-0.0010481
10,5.7676,0.0009795503,3.0,2.9978,2.9993,-0.0009799629
11,6.2803,0.0008941361,3.0,2.9983,2.9993,-0.000894402
12,6.793,0.0015552,3.0,2.9969,2.9981,-0.0015555
13,7.3057,0.0007252836,3.0,2.9972,2.9983,-0.0007255495
14,7.8184,0.0013656,3.0,2.9977,2.9985,-0.0013656
15,8.3311,0.0006347414,3.0,2.9991,2.9998,-0.0006349458
16,8.8438,0.0011476,3.0,2.9983,2.999,-0.0011478
17,9.3565,0.0006362966,3.0,2.999,2.9998,-0.0006367948
18,9.8692,0.0009909415,3.0,2.9984,2.9993,-0.0009911833
19,10.3819,0.0006380621,3.0,2.9989,2.9998,-0.0006381816
20,10.8946,0.0008617697,3.0,2.9984,2.9995,-0.0008620435
21,11.4073,0.0005682008,3.0,2.9983,2.9999,-0.0005686319
22,11.92,0.0006354139,3.0,2.9993,2.9998,-0.0006357442
23,12.4327,0.000464838,3.0,2.9993,3.0002,-0.0004653368
24,12.9454,0.0005774483,3.0,2.9994,2.9998,-0.0005777091
25,13.4581,0.0004744218,3.0,2.9992,3.0002,-0.0004748763
26,13.9708,0.0005903109,3.0,2.999,3.0,-0.0005906945
27,14.4835,0.0005066202,3.0,2.9991,3.0001,-0.0005068145
28,14.9962,0.0005857712,3.0,2.9989,2.9997,-0.0005861138
29,15.5089,0.0005023328,3.0,2.9988,2.9998,-0.0005026122
30,16.1352,0.0002280333,3.0,2.9988,2.9998,-0.0002280977
31,16.6479,0.0004086834,3.0,2.9985,2.9995,-0.0004087095
32,17.1606,0.0003854914,3.0,2.9999,3.0008,-0.0003855434
33,17.6733,0.0004200755,3.0,2.9994,3.0004,-0.0004201139
34,18.186,0.0003533084,3.0,3.0,3.0008,-0.0003533607
35,18.6987,0.0004188013,3.0,2.9994,3.0003,-0.000418857
36,19.2114,0.0003249354,3.0,2.9995,3.0004,-0.0003249654
37,19.7241,0.0004136246,3.0,2.9992,3.0,-0.0004136655
38,20.2368,0.0002929585,3.0,2.9987,3.0002,-0.0002929802
39,20.7495,0.000398473,3.0,2.9994,2.9999,-0.0003985032
40,21.2622,0.0002806833,3.0,2.9994,3.0004,-0.0002807351
41,21.7749,0.0004349117,3.0,2.9978,2.9985,-0.0004349694
42,22.2876,0.0002743124,3.0,2.9996,3.0006,-0.0002743331
43,22.9134,0.0005275534,3.0,2.9983,2.9992,-0.0005278265
44,23.5397,0.0001968428,3.0,2.9993,3.0,-0.0001968481
45,24.1654,0.000251555,3.0,2.9998,3.0006,-0.000252107
46,24.7917,0.0002642618,3.0,2.9976,2.9987,-0.0002643537
47,25.3044,0.0002394254,3.0,2.9996,3.0006,-0.0002394642
48,25.9302,0.0005565152,3.0,2.9978,2.9993,-0.000556739
49,26.5564,0.0002161661,3.0,2.999,3.0,-0.0002162225
50,27.0691,0.0004728685,3.0,2.9996,3.0007,-0.0004729027
51,27.5818,0.0003468954,3.0,2.9993,2.9998,-0.0003469544
52,28.0945,0.0004330529,3.0,2.9997,3.0005,-0.0004330862
53,28.6072,0.0003185939,3.0,2.9994,3.0007,-0.00031866
54,29.1199,0.0003483462,3.0,2.9999,3.0009,-0.0003484047
55,29.6326,0.000343939,3.0,2.9995,3.0004,-0.0003439615
56,30.1453,0.0003218235,3.0,3.0001,3.0008,-0.0003218505
57,30.658,0.0003438507,3.0,2.9987,3.0005,-0.0003438816
58,31.1707,0.0002921848,3.0,2.9996,3.0008,-0.000292211
59,31.6833,0.0003186696,3.0,2.9989,3.0,-0.0003187231
60,32.1961,0.000248841,3.0,2.9995,3.0003,-0.000248855
61,32.7088,0.0003172902,3.0,2.9998,3.0005,-0.0003173317
62,33.2215,0.0002187103,3.0,2.999,3.0006,-0.0002187741
63,33.7342,0.0003249481,3.0,2.9996,3.0003,-0.000324999
64,34.2469,0.0002193705,3.0,2.9999,3.0006,-0.000219413
65,34.7596,0.0003421812,3.0,2.9984,2.9993,-0.000342217
66,35.2723,0.0002054468,3.0,2.9991,3.0007,-0.0002054781
67,35.785,0.0004860184,3.0,2.9978,2.9987,-0.0004859927
68,36.2977,0.0001919689,3.0,2.9981,2.9995,-0.0001919677
69,36.9235,0.0005570616,3.0,2.9977,2.9992,-0.0005571593
70,37.5498,0.000164088,3.0,2.9985,3.0001,-0.0001641147
71,38.0625,0.0004158997,3.0,2.9996,3.0006,-0.0004159649
72,38.5752,0.0002979544,3.0,2.9989,3.0,-0.0002979783
73,39.0879,0.0003737502,3.0,2.9999,3.0009,-0.0003738575
74,39.6006,0.0003047123,3.0,2.9992,3.0004,-0.0003047377
75,40.1133,0.0003539013,3.0,2.9998,3.0008,-0.0003539534
76,40.626,0.0003131775,3.0,2.9997,3.0003,-0.0003131996
77,41.1387,0.0002942622,3.0,2.9997,3.0008,-0.0002942834
78,41.6514,0.0003191279,3.0,2.9995,3.0003,-0.0003191518
79,42.1641,0.0002862427,3.0,2.9995,3.0005,-0.0002862671
80,42.6768,0.0003008728,3.0,2.9992,3.0003,-0.0003008998
81,43.1895,0.0002053207,3.0,2.9996,3.0008,-0.000205373
82,43.7022,0.0002888163,3.0,2.9999,3.0005,-0.0002888355
83,44.215,0.0001967798,3.0,2.9999,3.0006,-0.0001968229
84,44.7277,0.0003011378,3.0,2.9999,3.0006,-0.0003011772
85,45.2403,0.0001970867,3.0,2.9988,3.0006,-0.000197113
86,45.753,0.0003115459,3.0,2.9989,2.9995,-0.00031164
87,46.2658,0.0001891808,3.0,2.9998,3.0005,-0.0001891934
88,46.7785,0.0004558287,3.0,2.9978,2.9989,-0.0004558823
89,47.2912,0.0001566236,3.0,2.9999,3.0007,-0.0001566365
90,47.917,0.0005325975,3.0,2.9976,2.9982,-0.0005332056
91,48.5433,0.0001486799,3.0,2.9983,2.9998,-0.0001486749
92,49.056,0.0004083722,3.0,3.0,3.0008,-0.0004084195
93,49.5687,0.0002906288,3.0,2.9998,3.0006,-0.0002906809
94,50.0814,0.0003774971,3.0,2.9996,3.0008,-0.0003775272
95,50.5941,0.0002876178,3.0,2.999,3.0005,-0.0002876585
96,51.1068,0.000346559,3.0,2.9998,3.001,-0.0003466182
97,51.6195,0.0002981436,3.0,2.9994,3.0003,-0.0002981633
98,52.1322,0.0003053893,3.0,2.9996,3.0005,-0.0003054103
99,52.6449,0.0002692955,3.0,2.9978,2.999,-0.000269356
100,53.1576,0.0002430167,3.0,2.9994,3.0006,-0.0002430541
101,53.6703,0.0003011042,3.0,2.9998,3.0005,-0.0003011268
102,54.183,0.0002367887,3.0,3.0,3.0008,-0.0002368243
103,54.6957,0.0003255242,3.0,2.9996,3.0005,-0.0003255371
104,55.2084,0.0001937141,3.0,2.9997,3.0006,-0.0001937795
105,55.7211,0.0002890729,3.0,2.999,3.0004,-0.0002891171
106,56.2338,0.0001491088,3.0,2.999,3.0001,-0.0001491415
107,56.7465,0.0002814024,3.0,2.9996,3.0007,-0.000281433
108,57.2592,0.0001624521,3.0,2.9998,3.0008,-0.0001624837
109,57.7719,0.0004341926,3.0,2.998,2.9988,-0.0004342632
110,58.2846,0.0001801059,3.0,2.9996,3.0004,-0.0001801346
111,58.9104,0.0004956913,3.0,2.9986,2.9994,-0.0004958042
112,59.5367,0.0001675615,3.0,2.999,3.0003,-0.0001675869
113,60.0494,0.0004223001,3.0,3.0,3.0008,-0.0004223964
114,60.5621,0.0002910746,3.0,2.9994,3.0004,-0.0002911012
115,61.0748,0.0003710883,3.0,2.9996,3.0002,-0.0003710915
116,61.5875,0.00030065,3.0,2.9988,3.0002,-0.0003006686
117,62.1002,0.0003181229,3.0,2.9999,3.0007,-0.0003181136
118,62.6129,0.0002623694,3.0,2.9997,3.0009,-0.0002624201
119,63.1256,0.0002683535,3.0,2.9999,3.0011,-0.0002683934
120,63.6383,0.0002831224,3.0,2.9999,3.0003,-0.0002831396
121,64.151,0.0002525627,3.0,2.9999,3.0008,-0.0002526131
122,64.6637,0.000324885,3.0,2.9994,3.0004,-0.0003249234
123,65.1764,0.0002470243,3.0,2.9994,3.0007,-0.0002470643
124,65.6891,0.0003180178,3.0,2.9994,3.0003,-0.0003180337
125,66.2018,0.000237205,3.0,2.9995,3.0006,-0.0002372657
126,66.7145,0.0002784419,3.0,2.999,3.0003,-0.000278482
127,67.2272,0.0001671999,3.0,2.9998,3.0005,-0.0001672296
128,67.7399,0.0002565367,3.0,2.9987,2.9999,-0.0002565687
129,68.2526,0.0001499919,3.0,3.0001,3.0009,-0.0001500158
130,68.7653,0.0004184859,3.0,2.9978,2.9988,-0.0004184577
131,69.278,0.000162061,3.0,2.9996,3.0003,-0.0001620844
132,69.9038,0.0004877047,3.0,2.9981,2.9993,-0.0004881979
133,70.5301,0.0001621115,3.0,2.9988,3.0004,-0.0001621054
134,71.0428,0.0004266021,3.0,2.9998,3.0006,-0.0004266084
135,71.5555,0.0002860072,3.0,2.9993,3.0003,-0.0002860401
136,72.0682,0.0003541242,3.0,2.9998,3.0007,-0.0003541762
137,72.5809,0.0002519655,3.0,2.9988,3.0004,-0.0002520078
138,73.0936,0.0003150278,3.0,3.0003,3.0008,-0.0003150155
139,73.6063,0.0002790013,3.0,2.9997,3.0004,-0.0002790369
140,74.119,0.0002618059,3.0,3.0002,3.0008,-0.0002618232
141,74.6317,0.0002812637,3.0,2.9998,3.0005,-0.0002813152
142,75.1444,0.0002623189,3.0,2.9992,3.0008,-0.0002623822
143,75.6571,0.0003129125,3.0,2.9994,3.0003,-0.0003129179
144,76.1698,0.0002380124,3.0,2.9996,3.0002,-0.000238035
145,76.6825,0.0002922773,3.0,2.9991,3.0,-0.0002923034
146,77.1952,0.0001720864,3.0,2.9988,2.9995,-0.000172131
147,77.7079,0.0002878071,3.0,2.9996,3.0008,-0.0002878477
148,78.2206,0.0001905097,3.0,2.9998,3.0008,-0.0001905385
149,78.8568,-7.62886e-08,3.0,2.9933,2.9948,8.01396e-08
150,79.3695,-7.53038e-08,3.0,2.9893,2.9903,7.49698e-08
151,79.8822,-7.2114e-08,3.0,2.984,2.9846,6.92826e-08
152,80.3949,-6.9105e-08,3.0,2.9798,2.9807,7.14616e-08
153,80.9076,-6.57384e-08,3.0,2.9725,2.9737,6.48195e-08
154,81.4203,-6.4337e-08,3.0,2.9697,2.9712,6.22872e-08
155,81.933,-6.01877e-08,3.0,2.9642,2.9651,6.28635e-08
156,82.4457,-5.90136e-08,3.0,2.9608,2.9617,5.70501e-08
157,82.9584,-5.56049e-08,3.0,2.9554,2.9562,5.51866e-08
158,83.4712,-5.31977e-08,3.0,2.9518,2.9526,5.61331e-08
159,83.9839,-5.07274e-08,3.0,2.9459,2.9465,4.82417e-08
160,84.4965,-4.90441e-08,3.0,2.9435,2.9448,4.97476e-08
161,85.0092,-4.56144e-08,3.0,2.9378,2.9383,4.71774e-08
162,85.522,-4.44781e-08,3.0,2.9344,2.9353,4.19529e-08
163,86.0347,-4.10231e-08,3.0,2.9293,2.9303,4.23484e-08
164,86.6686,-3.92053e-08,3.0,2.9254,2.9262,4.06868e-08
165,87.3026,-3.8048e-08,3.0,2.9197,2.9208,3.53071e-08
166,87.8153,-3.23597e-08,3.0,2.9127,2.9137,3.38259e-08
167,88.3279,-3.01436e-08,3.0,2.9084,2.9099,3.15679e-08
168,88.8406,-2.84784e-08,3.0,2.9054,2.9061,2.55778e-08
169,89.3533,-2.56222e-08,3.0,2.9025,2.9034,2.792e-08
170,89.866,-2.21777e-08,3.0,2.8932,2.8943,2.27675e-08
171,90.3787,-2.23747e-08,3.0,2.8951,2.8961,1.98544e-08
172,90.8915,-1.77254e-08,3.0,2.8882,2.8894,2.05401e-08
173,91.4041,-1.66981e-08,3.0,2.8855,2.8863,1.53783e-08
174,91.9168,-1.43609e-08,3.0,2.8795,2.8809,1.30643e-08
175,92.4295,-1.0884e-08,3.0,2.8749,2.8764,1.36978e-08
176,92.9422,-8.9288e-09,3.0,2.8695,2.8703,6.5337e-09
177,93.6971,2.1997e-09,3.0,2.8463,2.8471,-3.9369e-09
178,94.2098,1.87981e-08,3.0,2.8223,2.8231,-1.58629e-08
179,94.7225,2.83002e-08,3.0,2.8024,2.8036,-2.99533e-08
180,95.2352,3.40629e-08,3.0,2.7933,2.7946,-3.50656e-08
181,95.7479,3.64975e-08,3.0,2.7899,2.7911,-3.3609e-08
182,96.2606,3.63595e-08,3.0,2.7883,2.7893,-3.9001e-08
183,96.7733,3.79831e-08,3.0,2.7873,2.7882,-3.66476e-08
184,97.286,3.97949e-08,3.0,2.7831,2.7841,-3.80356e-08
185,97.7987,3.97036e-08,3.0,2.7813,2.7829,-4.26646e-08
186,98.3114,4.18234e-08,3.0,2.7801,2.7808,-3.97568e-08
187,98.8241,4.35018e-08,3.0,2.7753,2.7762,-4.27168e-08
188,99.3368,4.30616e-08,3.0,2.7757,2.7767,-4.5757e-08
189,99.8495,4.59785e-08,3.0,2.7718,2.7728,-4.31816e-08
190,100.3622,4.73328e-08,3.0,2.7683,2.7695,-4.88124e-08
191,100.9949,7.14979e-08,3.0,2.725,2.7257,-7.29769e-08
192,101.5076,9.78896e-08,3.0,2.6768,2.6774,-9.48661e-08
193,102.0203,1.206408e-07,3.0,2.6337,2.6342,-1.228839e-07
194,102.533,1.463297e-07,3.0,2.5863,2.5872,-1.466829e-07
195,103.0457,1.693377e-07,3.0,2.5439,2.5448,-1.675963e-07
196,103.5584,1.932422e-07,3.0,2.498,2.4989,-1.956561e-07
197,104.0711,2.163933e-07,3.0,2.4551,2.4565,-2.14601e-07
198,104.5837,2.393003e-07,3.0,2.4121,2.4133,-2.385261e-07
199,105.0964,2.603429e-07,3.0,2.3719,2.3724,-2.630065e-07
200,105.6091,2.837634e-07,3.0,2.329,2.3295,-2.812994e-07
201,106.1218,3.042589e-07,3.0,2.2891,2.2896,-3.048796e-07
202,106.6345,3.282686e-07,3.0,2.2435,2.244,-3.299067e-07
203,107.1472,3.510451e-07,3.0,2.2006,2.2013,-3.485867e-07
204,107.6599,3.730978e-07,3.0,2.1577,2.1578,-3.745602e-07
205,108.1726,3.950747e-07,3.0,2.115,2.1159,-3.954947e-07
206,108.6853,4.176956e-07,3.0,2.072,2.073,-4.154238e-07
207,109.198,4.383257e-07,3.0,2.0298,2.0305,-4.414058e-07
208,109.7107,4.61157e-07,3.0,1.9862,1.9868,-4.609648e-07
209,110.2234,4.835716e-07,3.0,1.9418,1.9424,-4.821264e-07
210,110.8561,5.128012e-07,3.0,1.8878,1.8887,-5.127266e-07
211,111.3688,5.332125e-07,3.0,1.8441,1.8449,-5.34515e-07
212,111.8814,5.580007e-07,3.0,1.7968,1.7979,-5.563454e-07
213,112.3942,5.785384e-07,3.0,1.7535,1.7542,-5.791431e-07
214,112.9069,5.992443e-07,3.0,1.711,1.7119,-5.993331e-07
215,113.4195,6.036212e-07,3.0,1.7,1.7007,-6.04002e-07
216,113.9322,6.058518e-07,3.0,1.6915,1.6921,-6.034132e-07
217,114.4449,6.079139e-07,3.0,1.6822,1.6829,-6.065258e-07
218,114.9576,6.106915e-07,3.0,1.6729,1.6741,-6.105638e-07
219,115.4703,6.126696e-07,3.0,1.664,1.6653,-6.110686e-07
220,115.9831,6.162468e-07,3.0,1.6552,1.6558,-6.143915e-07
221,116.4957,6.180564e-07,3.0,1.6456,1.6462,-6.20827e-07
222,117.0084,6.214653e-07,3.0,1.6353,1.6356,-6.20112e-07
223,117.5211,6.255055e-07,3.0,1.6249,1.6253,-6.213738e-07
224,118.0338,6.26726e-07,3.0,1.6142,1.6152,-6.320156e-07
225,118.5465,6.314816e-07,3.0,1.6045,1.6056,-6.262531e-07
226,119.0592,6.300507e-07,3.0,1.6013,1.6021,-6.277252e-07
227,119.5719,6.288303e-07,3.0,1.5992,1.5999,-6.297442e-07
228,120.0846,6.272732e-07,3.0,1.5968,1.5977,-6.246547e-07
229,120.5973,6.255055e-07,3.0,1.5943,1.5954,-6.27557e-07
230,121.11,6.232751e-07,3.0,1.5924,1.5932,-6.27557e-07
231,121.6227,6.2277e-07,3.0,1.5903,1.5909,-6.205747e-07
232,122.1354,6.216758e-07,3.0,1.588,1.5886,-6.24865e-07
233,122.6481,6.205395e-07,3.0,1.5854,1.5868,-6.237293e-07
234,123.1608,6.203712e-07,3.0,1.5837,1.5844,-6.197754e-07
235,123.6735,6.191927e-07,3.0,1.5815,1.5821,-6.236872e-07
236,124.1862,6.194452e-07,3.0,1.5793,1.5798,-6.182612e-07
237,124.699,6.180564e-07,3.0,1.5772,1.5778,-6.183033e-07
238,125.2116,6.175935e-07,3.0,1.5744,1.5753,-6.218365e-07
239,125.7243,6.174252e-07,3.0,1.5723,1.5731,-6.171676e-07
240,126.237,6.172148e-07,3.0,1.5702,1.5706,-6.195652e-07
241,126.7497,6.169201e-07,3.0,1.5675,1.5684,-6.22804e-07
242,127.2624,6.174673e-07,3.0,1.5655,1.5657,-6.172097e-07
243,127.7751,6.177198e-07,3.0,1.5625,1.5634,-6.162002e-07
244,128.2878,6.170464e-07,3.0,1.5599,1.5613,-6.218785e-07
245,128.8005,6.181406e-07,3.0,1.558,1.5585,-6.137185e-07
246,129.3132,6.174252e-07,3.0,1.5553,1.5559,-6.179667e-07
247,129.8259,6.169622e-07,3.0,1.553,1.5539,-6.212897e-07
248,130.3386,6.195294e-07,3.0,1.55,1.551,-6.139288e-07
249,130.8513,6.184353e-07,3.0,1.5476,1.5485,-6.191866e-07
250,131.364,6.186036e-07,3.0,1.5459,1.5463,-6.20154e-07
251,131.8767,6.189402e-07,3.0,1.5428,1.5435,-6.165787e-07
252,132.3894,6.199924e-07,3.0,1.5399,1.5414,-6.225936e-07
253,132.9021,6.187298e-07,3.0,1.5388,1.5402,-6.162422e-07
254,133.4148,6.171726e-07,3.0,1.5395,1.5399,-6.124145e-07
255,133.9275,6.149842e-07,3.0,1.5395,1.5403,-6.153168e-07
256,134.4402,6.132587e-07,3.0,1.5393,1.54,-6.129613e-07
257,134.9529,6.128799e-07,3.0,1.5389,1.5395,-6.104376e-07
258,135.4656,6.105653e-07,3.0,1.5389,1.5397,-6.168311e-07
259,135.9783,6.10439e-07,3.0,1.5386,1.5393,-6.091337e-07
260,136.491,6.102286e-07,3.0,1.5382,1.5389,-6.087972e-07
261,137.0037,6.084611e-07,3.0,1.5382,1.5389,-6.137606e-07
262,137.5164,6.103128e-07,3.0,1.5374,1.5383,-6.044647e-07
263,138.0291,6.081243e-07,3.0,1.5374,1.5384,-6.11363e-07
264,138.5418,6.083769e-07,3.0,1.5368,1.538,-6.103114e-07
265,139.0545,6.082506e-07,3.0,1.5362,1.5371,-6.030767e-07
266,139.5672,6.074089e-07,3.0,1.5358,1.5368,-6.077456e-07
267,140.0799,6.071984e-07,3.0,1.5355,1.5368,-6.085448e-07
268,140.5926,6.069039e-07,3.0,1.5355,1.5363,-6.042965e-07
269,141.1053,6.066093e-07,3.0,1.5349,1.536,-6.085027e-07
270,141.618,6.061884e-07,3.0,1.5349,1.5355,-6.045068e-07
271,142.1307,6.059359e-07,3.0,1.5341,1.5351,-6.035394e-07
272,142.6434,6.042525e-07,3.0,1.5341,1.5349,-6.091757e-07
273,143.1561,6.050942e-07,3.0,1.5337,1.5344,-6.033711e-07
274,143.6687,6.034529e-07,3.0,1.5334,1.5339,-6.052639e-07
275,144.1815,6.035791e-07,3.0,1.5326,1.5331,-6.037076e-07
276,144.6942,6.029899e-07,3.0,1.5319,1.5329,-6.024458e-07
277,145.2068,6.031583e-07,3.0,1.5309,1.532,-5.994173e-07
278,145.7195,6.020641e-07,3.0,1.5311,1.5319,-6.029925e-07
279,146.2322,6.018957e-07,3.0,1.5305,1.5312,-5.96515e-07
280,146.7449,6.011382e-07,3.0,1.5303,1.531,-6.021934e-07
281,147.2576,6.002965e-07,3.0,1.5293,1.5304,-6.026981e-07
282,147.7703,6.025691e-07,3.0,1.5289,1.5299,-5.976927e-07
283,148.283,6.018115e-07,3.0,1.5284,1.5293,-6.026981e-07
284,148.7957,6.01054e-07,3.0,1.5272,1.5286,-6.03287e-07
285,149.3084,6.028637e-07,3.0,1.5274,1.5282,-5.968515e-07
286,149.8211,6.021061e-07,3.0,1.527,1.5275,-6.035814e-07
287,150.3338,6.012644e-07,3.0,1.5261,1.5269,-6.045489e-07
288,150.8465,6.039158e-07,3.0,1.5257,1.5263,-5.987443e-07
289,151.3592,6.040842e-07,3.0,1.5252,1.5258,-6.035814e-07
290,151.8719,6.037475e-07,3.0,1.5243,1.5251,-6.048854e-07
291,152.3846,6.047575e-07,3.0,1.5237,1.5245,-6.009315e-07
292,152.8973,6.038316e-07,3.0,1.5234,1.5237,-6.068623e-07
293,153.41,6.050942e-07,3.0,1.5222,1.5236,-6.054322e-07
294,153.9227,6.061463e-07,3.0,1.5223,1.5229,-6.011418e-07
295,154.4354,6.039579e-07,3.0,1.5214,1.5223,-6.092178e-07
296,154.9481,6.057255e-07,3.0,1.521,1.5218,-6.036655e-07
297,155.4608,6.056834e-07,3.0,1.52,1.5209,-6.053481e-07
298,155.9735,6.059359e-07,3.0,1.5196,1.5206,-6.069464e-07
299,156.4862,6.055151e-07,3.0,1.5186,1.5198,-6.030346e-07
300,156.9989,6.058518e-07,3.0,1.5181,1.5187,-6.036235e-07
301,157.5116,6.034529e-07,3.0,1.5179,1.5183,-6.081663e-07
302,158.0243,6.043787e-07,3.0,1.5172,1.5179,-6.01941e-07
303,158.537,6.022744e-07,3.0,1.5164,1.5168,-6.051798e-07
304,159.0497,6.011803e-07,3.0,1.5158,1.5166,-6.046751e-07
305,159.5624,6.021903e-07,3.0,1.5149,1.5158,-5.976506e-07
306,160.075,6.001702e-07,3.0,1.5137,1.515,-6.021513e-07
307,160.5877,5.989918e-07,3.0,1.5135,1.5139,-5.997538e-07
308,161.1004,5.983605e-07,3.0,1.5131,1.5136,-5.957999e-07
309,161.6131,5.957091e-07,3.0,1.5119,1.5125,-5.976927e-07
310,162.1258,5.936891e-07,3.0,1.5116,1.512,-5.957999e-07
311,162.6385,5.930578e-07,3.0,1.5107,1.5115,-5.934023e-07
312,163.1512,5.915427e-07,3.0,1.5103,1.5109,-5.947063e-07
313,163.6639,5.915848e-07,3.0,1.5093,1.5099,-5.873033e-07
314,164.1766,5.885547e-07,3.0,1.5087,1.5092,-5.909206e-07
315,164.6892,5.878813e-07,3.0,1.5079,1.5087,-5.921405e-07
316,165.2019,5.880497e-07,3.0,1.507,1.5079,-5.858311e-07
317,165.7146,5.876709e-07,3.0,1.5062,1.5072,-5.852843e-07
318,166.2274,5.869134e-07,3.0,1.5061,1.5066,-5.891961e-07
319,166.7401,5.875025e-07,3.0,1.5048,1.5057,-5.81709e-07
320,167.2527,5.851879e-07,3.0,1.5043,1.5051,-5.887334e-07
321,167.7654,5.851037e-07,3.0,1.5036,1.5041,-5.897429e-07
322,168.2781,5.869134e-07,3.0,1.5027,1.5034,-5.812042e-07
323,168.7908,5.854825e-07,3.0,1.5022,1.503,-5.895325e-07
324,169.3035,5.856087e-07,3.0,1.5016,1.5022,-5.883128e-07
325,169.8162,5.857771e-07,3.0,1.5004,1.5011,-5.818772e-07
326,170.3289,5.850616e-07,3.0,1.4991,1.5006,-5.849898e-07
327,170.8416,5.843041e-07,3.0,1.4991,1.4997,-5.822558e-07
328,171.3542,5.833361e-07,3.0,1.4983,1.4992,-5.805733e-07
329,171.8669,5.816527e-07,3.0,1.497,1.498,-5.833073e-07
330,172.3796,5.805585e-07,3.0,1.4971,1.4975,-5.82382e-07
331,172.8923,5.812739e-07,3.0,1.4957,1.4967,-5.767035e-07
332,173.405,5.800956e-07,3.0,1.4951,1.4959,-5.819613e-07
333,173.9177,5.794222e-07,3.0,1.4942,1.4953,-5.794376e-07
334,174.4304,5.801376e-07,3.0,1.4934,1.4944,-5.771662e-07
335,174.9431,5.795905e-07,3.0,1.4929,1.4937,-5.798162e-07
336,175.4558,5.794643e-07,3.0,1.492,1.493,-5.759464e-07
337,175.9685,5.795064e-07,3.0,1.4913,1.4922,-5.756941e-07
338,176.4812,5.79338e-07,3.0,1.4908,1.4913,-5.782599e-07
339,176.9939,5.79338e-07,3.0,1.4896,1.4904,-5.748948e-07
340,177.5066,5.789593e-07,3.0,1.489,1.4898,-5.766194e-07
341,178.0193,5.785384e-07,3.0,1.4884,1.4891,-5.787226e-07
342,178.532,5.789171e-07,3.0,1.4878,1.4883,-5.762408e-07
343,179.0447,5.777808e-07,3.0,1.4868,1.4876,-5.812884e-07
344,179.5574,5.788751e-07,3.0,1.4854,1.4867,-5.780916e-07
345,180.0701,5.781175e-07,3.0,1.4853,1.4861,-5.775448e-07
346,180.5828,5.785805e-07,3.0,1.4845,1.4852,-5.77671e-07
347,181.0955,5.779071e-07,3.0,1.4839,1.4846,-5.79059e-07
348,181.6082,5.791276e-07,3.0,1.4828,1.4833,-5.735488e-07
349,182.1209,5.780333e-07,3.0,1.4822,1.4829,-5.785964e-07
350,182.6336,5.774442e-07,3.0,1.4812,1.4819,-5.789329e-07
351,183.1462,5.779913e-07,3.0,1.4803,1.4808,-5.745163e-07
352,183.659,5.773179e-07,3.0,1.48,1.4804,-5.809939e-07
353,184.1717,5.78328e-07,3.0,1.479,1.4796,-5.749369e-07
354,184.6844,5.771917e-07,3.0,1.4779,1.479,-5.761147e-07
355,185.1971,5.770233e-07,3.0,1.4771,1.4781,-5.807415e-07
356,185.7097,5.785805e-07,3.0,1.4764,1.4772,-5.753996e-07
357,186.2225,5.771075e-07,3.0,1.4759,1.4764,-5.785543e-07
358,186.7352,5.766025e-07,3.0,1.4742,1.4754,-5.798162e-07
359,187.2478,5.774021e-07,3.0,1.474,1.4745,-5.752734e-07
360,187.7605,5.766445e-07,3.0,1.4726,1.4739,-5.764091e-07
361,188.2732,5.776967e-07,3.0,1.4724,1.4731,-5.76325e-07
362,188.7859,5.770233e-07,3.0,1.4721,1.4724,-5.742219e-07
363,189.2986,5.7635e-07,3.0,1.4707,1.4715,-5.754837e-07
364,189.8113,5.755924e-07,3.0,1.4699,1.4705,-5.768718e-07
365,190.324,5.753399e-07,3.0,1.469,1.4698,-5.753996e-07
366,190.8367,5.748349e-07,3.0,1.4685,1.4693,-5.786805e-07
367,191.3494,5.755924e-07,3.0,1.4673,1.4685,-5.771242e-07
368,191.8621,5.75382e-07,3.0,1.4668,1.4675,-5.756099e-07
369,192.3748,5.755082e-07,3.0,1.4659,1.4665,-5.775448e-07
370,192.8874,5.760132e-07,3.0,1.4651,1.4655,-5.730441e-07
371,193.4001,5.747086e-07,3.0,1.4643,1.4651,-5.751052e-07
372,193.9128,5.742457e-07,3.0,1.4636,1.4644,-5.791011e-07
373,194.4255,5.745403e-07,3.0,1.4626,1.4633,-5.734647e-07
374,194.9382,5.752978e-07,3.0,1.4618,1.4625,-5.726235e-07
375,195.4509,5.742457e-07,3.0,1.4603,1.4615,-5.743901e-07
376,195.9636,5.738669e-07,3.0,1.4597,1.4613,-5.747266e-07
377,196.4763,5.747928e-07,3.0,1.4593,1.4599,-5.710672e-07
378,196.989,5.740353e-07,3.0,1.4587,1.4595,-5.751893e-07
379,197.5016,5.743719e-07,3.0,1.4577,1.4583,-5.694268e-07
380,198.0143,5.73909e-07,3.0,1.4563,1.4575,-5.722029e-07
381,198.527,5.728568e-07,3.0,1.4558,1.4565,-5.735488e-07
382,199.0397,5.737828e-07,3.0,1.4553,1.456,-5.705203e-07
383,199.5524,5.720152e-07,3.0,1.4546,1.4552,-5.750211e-07
384,200.0651,5.717206e-07,3.0,1.4538,1.4546,-5.766615e-07
385,200.5778,5.72941e-07,3.0,1.4527,1.4536,-5.712775e-07
386,201.0905,5.727306e-07,3.0,1.4519,1.4526,-5.720767e-07
387,201.6032,5.725202e-07,3.0,1.451,1.4515,-5.703101e-07
388,202.1159,5.72941e-07,3.0,1.4499,1.4509,-5.678284e-07
389,202.6285,5.708368e-07,3.0,1.4498,1.4502,-5.753575e-07
390,203.1412,5.712997e-07,3.0,1.4486,1.4494,-5.719084e-07
391,203.6539,5.715522e-07,3.0,1.4477,1.4484,-5.710251e-07
392,204.1666,5.713839e-07,3.0,1.4469,1.4475,-5.727497e-07
393,204.6793,5.719731e-07,3.0,1.4462,1.4466,-5.686276e-07
394,205.192,5.710472e-07,3.0,1.445,1.4459,-5.708569e-07
395,205.7046,5.700792e-07,3.0,1.4442,1.4451,-5.748948e-07
396,206.2173,5.712577e-07,3.0,1.4437,1.4441,-5.713616e-07
397,206.73,5.72436e-07,3.0,1.4427,1.4434,-5.700577e-07
398,207.2427,5.710472e-07,3.0,1.4417,1.4429,-5.748948e-07
399,207.7554,5.712577e-07,3.0,1.4407,1.4416,-5.70226e-07
400,208.268,5.71426e-07,3.0,1.4397,1.4405,-5.718243e-07
401,208.7807,5.713418e-07,3.0,1.4392,1.44,-5.70268e-07
402,209.2934,5.713418e-07,3.0,1.4387,1.4394,-5.69595e-07
403,209.8061,5.696163e-07,3.0,1.4382,1.4384,-5.742639e-07
404,210.3188,5.707526e-07,3.0,1.4359,1.4373,-5.692165e-07
405,210.8315,5.710472e-07,3.0,1.436,1.4369,-5.708569e-07
406,211.3441,5.712577e-07,3.0,1.4349,1.4354,-5.711934e-07
407,211.8568,5.718047e-07,3.0,1.4336,1.4346,-5.700998e-07
408,212.3695,5.710472e-07,3.0,1.4331,1.4339,-5.70941e-07
409,212.8822,5.708789e-07,3.0,1.4326,1.4334,-5.762829e-07
410,213.3949,5.717627e-07,3.0,1.4311,1.4324,-5.724973e-07
411,213.9075,5.728148e-07,3.0,1.4307,1.4316,-5.720767e-07
412,214.4202,5.723939e-07,3.0,1.4291,1.4305,-5.745163e-07
413,214.9329,5.729831e-07,3.0,1.4285,1.4297,-5.730021e-07
414,215.4456,5.728568e-07,3.0,1.428,1.4293,-5.745163e-07
415,215.9583,5.730252e-07,3.0,1.4272,1.428,-5.751052e-07
416,216.471,5.742457e-07,3.0,1.4266,1.4273,-5.732124e-07
417,216.9836,5.751716e-07,3.0,1.4254,1.4264,-5.73633e-07
418,217.4964,5.741194e-07,3.0,1.4248,1.4258,-5.788067e-07
419,218.0091,5.753399e-07,3.0,1.4242,1.4247,-5.747686e-07
420,218.5217,5.743299e-07,3.0,1.423,1.4238,-5.779233e-07
421,219.0344,5.739511e-07,3.0,1.422,1.4228,-5.764512e-07
422,219.5471,5.743299e-07,3.0,1.4209,1.4218,-5.725394e-07
423,220.0598,5.739511e-07,3.0,1.4206,1.4215,-5.748528e-07
424,220.5725,5.742457e-07,3.0,1.4197,1.4203,-5.7296e-07
425,221.0851,5.747086e-07,3.0,1.4185,1.4195,-5.700998e-07
426,221.5978,5.733198e-07,3.0,1.4178,1.4184,-5.732124e-07
427,222.1105,5.72899e-07,3.0,1.4173,1.4178,-5.746425e-07
428,222.6232,5.739932e-07,3.0,1.416,1.4172,-5.704783e-07
429,223.1359,5.722677e-07,3.0,1.4156,1.4161,-5.76325e-07
430,223.6486,5.737407e-07,3.0,1.4143,1.415,-5.705624e-07
431,224.1613,5.738248e-07,3.0,1.4136,1.4143,-5.70941e-07
432,224.6739,5.722677e-07,3.0,1.4127,1.4133,-5.74306e-07
433,225.1866,5.734882e-07,3.0,1.4119,1.4124,-5.718663e-07
434,225.6993,5.739511e-07,3.0,1.4107,1.4111,-5.697632e-07
435,226.212,5.732356e-07,3.0,1.4102,1.4111,-5.753155e-07
436,226.7247,5.740774e-07,3.0,1.4087,1.4102,-5.71614e-07
437,227.2374,5.746666e-07,3.0,1.4084,1.4092,-5.707727e-07
438,227.7501,5.729831e-07,3.0,1.4075,1.4081,-5.751052e-07
439,228.2628,5.744141e-07,3.0,1.406,1.4076,-5.730021e-07
440,228.7755,5.747928e-07,3.0,1.4059,1.4066,-5.707307e-07
441,229.2882,5.740774e-07,3.0,1.4049,1.4057,-5.740536e-07
442,229.8009,5.746666e-07,3.0,1.4042,1.405,-5.708148e-07
443,230.3136,5.734882e-07,3.0,1.4032,1.4039,-5.752314e-07
444,230.8263,5.737828e-07,3.0,1.402,1.4032,-5.76998e-07
445,231.339,5.736144e-07,3.0,1.4013,1.4022,-5.726235e-07
446,231.8517,5.745824e-07,3.0,1.4004,1.4013,-5.713196e-07
447,232.3644,5.729831e-07,3.0,1.3981,1.3994,-5.793114e-07
448,232.8771,5.752557e-07,3.0,1.3959,1.3966,-5.742219e-07
449,233.3898,5.761395e-07,3.0,1.3928,1.3938,-5.741798e-07
450,233.9024,5.763079e-07,3.0,1.391,1.3916,-5.786805e-07
451,234.4151,5.770233e-07,3.0,1.388,1.3891,-5.770401e-07
452,234.9278,5.774863e-07,3.0,1.3855,1.3867,-5.806574e-07
453,235.4405,5.793801e-07,3.0,1.3833,1.384,-5.778813e-07
454,235.9531,5.793801e-07,3.0,1.3808,1.3816,-5.777551e-07
455,236.4658,5.799693e-07,3.0,1.3782,1.3791,-5.79732e-07
456,236.9785,5.813581e-07,3.0,1.3756,1.3767,-5.804891e-07
457,237.4912,5.819473e-07,3.0,1.3732,1.3745,-5.794797e-07
458,238.0038,5.835465e-07,3.0,1.3712,1.372,-5.817931e-07
459,238.5166,5.829153e-07,3.0,1.3692,1.3694,-5.833073e-07
460,239.0292,5.853141e-07,3.0,1.3664,1.3672,-5.791431e-07
461,239.5419,5.845145e-07,3.0,1.3639,1.365,-5.862096e-07
462,240.0546,5.846828e-07,3.0,1.362,1.3628,-5.887754e-07
463,240.5673,5.86745e-07,3.0,1.3592,1.3605,-5.854525e-07
464,241.08,5.859033e-07,3.0,1.3574,1.3578,-5.901636e-07
465,241.5926,5.875867e-07,3.0,1.355,1.356,-5.882287e-07
466,242.1053,5.893543e-07,3.0,1.3529,1.3532,-5.831811e-07
467,242.618,5.883443e-07,3.0,1.3507,1.3512,-5.937388e-07
468,243.1306,5.902381e-07,3.0,1.3485,1.3488,-5.91846e-07
469,243.6433,5.914586e-07,3.0,1.3455,1.3465,-5.891961e-07
470,244.1559,5.918794e-07,3.0,1.3435,1.344,-5.915936e-07
471,244.6686,5.923002e-07,3.0,1.3413,1.3417,-5.903738e-07
472,245.1813,5.935207e-07,3.0,1.3386,1.3389,-5.89154e-07
473,245.6939,5.929736e-07,3.0,1.3369,1.3376,-5.934864e-07
474,246.2066,5.941941e-07,3.0,1.3361,1.3368,-5.940333e-07
475,246.7193,5.944466e-07,3.0,1.3343,1.3357,-5.939492e-07
476,247.232,5.94615e-07,3.0,1.3336,1.3344,-5.960522e-07
477,247.7447,5.954566e-07,3.0,1.3324,1.3332,-5.931079e-07
478,248.2574,5.960038e-07,3.0,1.3307,1.3319,-5.940333e-07
479,248.7701,5.953725e-07,3.0,1.3299,1.3308,-5.997958e-07
480,249.2828,5.959617e-07,3.0,1.3288,1.3293,-5.967673e-07
481,249.7955,5.966351e-07,3.0,1.3274,1.3278,-5.971459e-07
482,250.3082,5.970559e-07,3.0,1.3262,1.327,-5.981133e-07
483,250.8208,5.972664e-07,3.0,1.3249,1.3255,-5.950428e-07
484,251.3335,5.960879e-07,3.0,1.3233,1.3246,-5.988284e-07
485,251.8462,5.962563e-07,3.0,1.3223,1.3233,-5.993752e-07
486,252.3589,5.978134e-07,3.0,1.3203,1.322,-5.949166e-07
487,252.8716,5.967192e-07,3.0,1.32,1.3207,-5.996276e-07
488,253.3842,5.980239e-07,3.0,1.3187,1.3197,-5.966832e-07
489,253.8969,5.98613e-07,3.0,1.3175,1.3183,-5.933603e-07
490,254.4096,5.978134e-07,3.0,1.3163,1.3169,-5.986602e-07
491,254.9223,5.978555e-07,3.0,1.3149,1.3157,-5.997538e-07
492,255.435,5.985289e-07,3.0,1.3138,1.3145,-5.948745e-07
493,255.9477,5.987814e-07,3.0,1.3129,1.3135,-6.008894e-07
494,256.4604,5.996652e-07,3.0,1.3114,1.312,-5.980712e-07
495,256.9731,5.994547e-07,3.0,1.3101,1.3111,-5.978609e-07
496,257.4859,6.000019e-07,3.0,1.3093,1.3097,-6.005529e-07
497,257.9985,5.991602e-07,3.0,1.3082,1.3088,-6.0131e-07
498,258.5112,6.010961e-07,3.0,1.3069,1.3074,-5.981133e-07
499,259.0239,6.002544e-07,3.0,1.3055,1.3065,-6.008894e-07
500,259.5366,6.017274e-07,3.0,1.3038,1.3052,-5.997538e-07
501,260.0493,6.021482e-07,3.0,1.3028,1.3041,-5.987022e-07
502,260.562,6.014328e-07,3.0,1.3017,1.3026,-6.034973e-07
503,261.0747,6.025691e-07,3.0,1.301,1.3017,-6.003426e-07
504,261.5874,6.024849e-07,3.0,1.2992,1.3004,-5.988704e-07
505,262.1001,6.021903e-07,3.0,1.2988,1.2995,-6.02572e-07
506,262.6128,6.032004e-07,3.0,1.2975,1.2987,-6.021513e-07
507,263.1255,6.031583e-07,3.0,1.2965,1.2973,-6.021934e-07
508,263.6382,6.019378e-07,3.0,1.2952,1.2963,-6.082504e-07
509,264.1508,6.040842e-07,3.0,1.294,1.2946,-6.01941e-07
510,264.6635,6.044208e-07,3.0,1.2926,1.2935,-6.006791e-07
511,265.1762,6.044629e-07,3.0,1.2916,1.2925,-6.047171e-07
512,265.6889,6.051783e-07,3.0,1.2906,1.2914,-6.021513e-07
513,266.2016,6.051783e-07,3.0,1.2893,1.2902,-6.050536e-07
514,266.7143,6.049258e-07,3.0,1.2885,1.2888,-6.093019e-07
515,267.227,6.067355e-07,3.0,1.2872,1.2881,-6.039179e-07
516,267.7397,6.086715e-07,3.0,1.2861,1.2871,-6.050536e-07
517,268.2524,6.079139e-07,3.0,1.2848,1.2858,-6.117415e-07
518,268.7651,6.087556e-07,3.0,1.2838,1.2851,-6.074091e-07
519,269.2778,6.096815e-07,3.0,1.2831,1.2835,-6.071567e-07
520,269.7905,6.08966e-07,3.0,1.2818,1.2822,-6.117415e-07
521,270.3032,6.100182e-07,3.0,1.2805,1.2813,-6.061893e-07
522,270.8159,6.091765e-07,3.0,1.2795,1.2801,-6.098066e-07
523,271.3286,6.100182e-07,3.0,1.2782,1.2787,-6.126248e-07
524,271.8412,6.108598e-07,3.0,1.2774,1.2781,-6.097225e-07
525,272.3539,6.107336e-07,3.0,1.2764,1.2772,-6.128772e-07
526,272.8666,6.103128e-07,3.0,1.2753,1.2759,-6.152748e-07
527,273.3793,6.126696e-07,3.0,1.274,1.275,-6.076194e-07
528,273.892,6.121224e-07,3.0,1.2721,1.2732,-6.108162e-07
529,274.4047,6.10944e-07,3.0,1.272,1.2724,-6.148121e-07
530,274.9174,6.126274e-07,3.0,1.271,1.2713,-6.10059e-07
531,275.4301,6.125433e-07,3.0,1.2697,1.2705,-6.158216e-07
532,275.9428,6.133008e-07,3.0,1.2687,1.2694,-6.148962e-07
533,276.4555,6.134271e-07,3.0,1.2674,1.2681,-6.130875e-07
534,276.9682,6.127958e-07,3.0,1.2662,1.267,-6.160739e-07
535,277.4809,6.140583e-07,3.0,1.2654,1.2657,-6.124986e-07
536,277.9936,6.1389e-07,3.0,1.2639,1.265,-6.089234e-07
537,278.5063,6.123329e-07,3.0,1.2633,1.264,-6.151906e-07
538,279.019,6.131325e-07,3.0,1.262,1.2626,-6.149803e-07
539,279.5316,6.145213e-07,3.0,1.2608,1.2616,-6.095122e-07
540,280.0444,6.144371e-07,3.0,1.2596,1.2602,-6.129613e-07
541,280.5571,6.140162e-07,3.0,1.2582,1.2595,-6.139708e-07
542,281.0698,6.142267e-07,3.0,1.2569,1.2584,-6.1069e-07
543,281.5825,6.149e-07,3.0,1.2566,1.2571,-6.146018e-07
544,282.0952,6.136375e-07,3.0,1.2555,1.2565,-6.18135e-07
545,282.6079,6.16836e-07,3.0,1.2541,1.2552,-6.144335e-07
546,283.1206,6.176356e-07,3.0,1.2537,1.2541,-6.21458e-07
547,283.6333,6.186877e-07,3.0,1.2524,1.2529,-6.207849e-07
548,284.146,6.22265e-07,3.0,1.2512,1.2519,-6.177144e-07
549,284.6587,6.219704e-07,3.0,1.2501,1.2511,-6.274308e-07
550,285.1714,6.247901e-07,3.0,1.2493,1.2501,-6.265896e-07
551,285.6841,6.269365e-07,3.0,1.2483,1.2491,-6.242341e-07
552,286.1968,6.260527e-07,3.0,1.2472,1.248,-6.285244e-07
553,286.7095,6.279044e-07,3.0,1.2462,1.2468,-6.24192e-07
554,287.2222,6.265998e-07,3.0,1.2451,1.2456,-6.273046e-07
555,287.7349,6.271048e-07,3.0,1.2443,1.2451,-6.32941e-07
556,288.2476,6.282411e-07,3.0,1.2426,1.2439,-6.28861e-07
557,288.7603,6.273573e-07,3.0,1.2421,1.2428,-6.278094e-07
558,289.2729,6.273573e-07,3.0,1.2413,1.2417,-6.299546e-07
559,289.7857,6.284515e-07,3.0,1.2399,1.2409,-6.258745e-07
560,290.2984,6.291249e-07,3.0,1.2387,1.2394,-6.278094e-07
561,290.8111,6.288303e-07,3.0,1.2377,1.2384,-6.29576e-07
562,291.3238,6.301349e-07,3.0,1.237,1.2375,-6.272626e-07
563,291.8365,6.30177e-07,3.0,1.236,1.2367,-6.292815e-07
564,292.3492,6.297983e-07,3.0,1.2344,1.2355,-6.323942e-07
565,292.8619,6.303454e-07,3.0,1.2338,1.2345,-6.30249e-07
566,293.3746,6.295458e-07,3.0,1.233,1.2336,-6.324362e-07
567,293.8873,6.28199e-07,3.0,1.2317,1.2326,-6.323942e-07
568,294.3999,6.302191e-07,3.0,1.2302,1.2315,-6.24865e-07
569,294.9127,6.292511e-07,3.0,1.23,1.2304,-6.310482e-07
570,295.4254,6.290408e-07,3.0,1.2288,1.2294,-6.293236e-07
571,295.938,6.302191e-07,3.0,1.2277,1.2283,-6.279356e-07
572,296.4508,6.299245e-07,3.0,1.2265,1.2275,-6.332354e-07
573,296.9635,6.313975e-07,3.0,1.2258,1.2265,-6.303331e-07
574,297.4762,6.322392e-07,3.0,1.2246,1.2255,-6.269261e-07
575,297.9889,6.315237e-07,3.0,1.2235,1.2244,-6.314688e-07
576,298.5016,6.310187e-07,3.0,1.2226,1.2234,-6.297022e-07
577,299.0143,6.314395e-07,3.0,1.2217,1.2227,-6.312585e-07
578,299.527,6.303874e-07,3.0,1.2203,1.2217,-6.355909e-07
579,300.0397,6.315237e-07,3.0,1.2202,1.2205,-6.332354e-07
580,300.5524,6.315658e-07,3.0,1.2189,1.2195,-6.301228e-07
581,301.0651,6.3165e-07,3.0,1.2178,1.2187,-6.320997e-07
582,301.5778,6.313554e-07,3.0,1.2168,1.2178,-6.305855e-07
583,302.0905,6.307662e-07,3.0,1.2158,1.2163,-6.30291e-07
584,302.6032,6.309766e-07,3.0,1.2141,1.2156,-6.316371e-07
585,303.1159,6.318183e-07,3.0,1.2145,1.2148,-6.305855e-07
586,303.6286,6.31692e-07,3.0,1.2124,1.2134,-6.280197e-07
587,304.1413,6.298824e-07,3.0,1.2121,1.2127,-6.338664e-07
588,304.654,6.301349e-07,3.0,1.2107,1.2115,-6.28861e-07
589,305.1667,6.308504e-07,3.0,1.2103,1.2108,-6.313006e-07
590,305.6794,6.312712e-07,3.0,1.2085,1.2098,-6.310061e-07
591,306.1921,6.323233e-07,3.0,1.2082,1.2089,-6.278094e-07
592,306.7048,6.310608e-07,3.0,1.2072,1.2078,-6.351282e-07
593,307.2175,6.3266e-07,3.0,1.2058,1.2071,-6.312164e-07
594,307.7302,6.335018e-07,3.0,1.2053,1.2061,-6.286086e-07
595,308.2429,6.328284e-07,3.0,1.2044,1.205,-6.339084e-07
596,308.7556,6.318183e-07,3.0,1.2036,1.2041,-6.342449e-07
597,309.2683,6.330809e-07,3.0,1.2025,1.2033,-6.32983e-07
598,309.781,6.32155e-07,3.0,1.202,1.2022,-6.346656e-07
599,310.2938,6.325759e-07,3.0,1.2005,1.2016,-6.289451e-07
600,310.8065,6.323233e-07,3.0,1.1995,1.2005,-6.306275e-07
601,311.3191,6.300929e-07,3.0,1.1986,1.1995,-6.353806e-07
602,311.8318,6.323233e-07,3.0,1.1977,1.198,-6.286927e-07
603,312.3445,6.333334e-07,3.0,1.1968,1.1977,-6.287348e-07
604,312.8572,6.323233e-07,3.0,1.1959,1.1967,-6.355489e-07
605,313.3699,6.32618e-07,3.0,1.1953,1.1956,-6.309641e-07
606,313.8826,6.331651e-07,3.0,1.1942,1.1947,-6.309641e-07
607,314.3953,6.325338e-07,3.0,1.192,1.1936,-6.324783e-07
608,314.908,6.332072e-07,3.0,1.1919,1.1931,-6.303752e-07
609,315.4207,6.329547e-07,3.0,1.1912,1.1921,-6.350441e-07
610,315.9334,6.33123e-07,3.0,1.1901,1.191,-6.359274e-07
611,316.4461,6.337963e-07,3.0,1.1894,1.1903,-6.338243e-07
612,316.9588,6.335018e-07,3.0,1.1885,1.1893,-6.368528e-07
613,317.4715,6.339647e-07,3.0,1.1876,1.1881,-6.369369e-07
614,317.9842,6.348064e-07,3.0,1.1866,1.1872,-6.331092e-07
615,318.4969,6.358586e-07,3.0,1.1857,1.1863,-6.352544e-07
616,319.0096,6.358586e-07,3.0,1.1849,1.1854,-6.33614e-07
617,319.5222,6.352694e-07,3.0,1.1841,1.1845,-6.357592e-07
618,320.035,6.353114e-07,3.0,1.1832,1.1841,-6.397131e-07
619,320.5477,6.368685e-07,3.0,1.182,1.1829,-6.333195e-07
620,321.0604,6.372473e-07,3.0,1.1813,1.1819,-6.333195e-07
621,321.5731,6.359848e-07,3.0,1.1798,1.1812,-6.395448e-07
622,322.0857,6.368265e-07,3.0,1.1793,1.1802,-6.363901e-07
623,322.5984,6.364056e-07,3.0,1.1788,1.1792,-6.395448e-07
624,323.1111,6.377524e-07,3.0,1.1778,1.1785,-6.392503e-07
625,323.6238,6.389728e-07,3.0,1.1767,1.1772,-6.331513e-07
626,324.1365,6.384678e-07,3.0,1.1758,1.1762,-6.373996e-07
627,324.6492,6.390149e-07,3.0,1.1748,1.1756,-6.362639e-07
628,325.162,6.397725e-07,3.0,1.1738,1.1746,-6.33656e-07
629,325.6746,6.389308e-07,3.0,1.1728,1.1739,-6.399234e-07
630,326.1873,6.388045e-07,3.0,1.1723,1.1731,-6.385353e-07
631,326.7,6.38552e-07,3.0,1.1717,1.1723,-6.373155e-07
632,327.2127,6.382574e-07,3.0,1.1707,1.1715,-6.413114e-07
633,327.7254,6.384678e-07,3.0,1.1696,1.1705,-6.372734e-07
634,328.2381,6.396462e-07,3.0,1.1681,1.1695,-6.364742e-07
635,328.7508,6.388045e-07,3.0,1.168,1.1685,-6.406805e-07
636,329.2635,6.390991e-07,3.0,1.1672,1.168,-6.392083e-07
637,329.7762,6.40025e-07,3.0,1.1659,1.1668,-6.389559e-07
638,330.2889,6.388045e-07,3.0,1.1652,1.166,-6.42447e-07
639,330.8016,6.408667e-07,3.0,1.1637,1.165,-6.352965e-07
640,331.3143,6.403616e-07,3.0,1.1633,1.164,-6.39671e-07
641,331.827,6.398145e-07,3.0,1.1628,1.1635,-6.426154e-07
642,332.3397,6.407825e-07,3.0,1.1613,1.1625,-6.39671e-07
643,332.8524,6.401512e-07,3.0,1.1609,1.1615,-6.439193e-07
644,333.3651,6.406141e-07,3.0,1.1597,1.1609,-6.422788e-07
645,333.8777,6.412454e-07,3.0,1.1592,1.1598,-6.392083e-07
646,334.3905,6.402354e-07,3.0,1.158,1.159,-6.447185e-07
647,334.9031,6.414559e-07,3.0,1.1577,1.1584,-6.390821e-07
648,335.4159,6.42003e-07,3.0,1.1561,1.1572,-6.371893e-07
649,335.9286,6.399408e-07,3.0,1.1553,1.1565,-6.441296e-07
650,336.4413,6.407825e-07,3.0,1.1548,1.1556,-6.394186e-07
651,336.9539,6.412876e-07,3.0,1.1541,1.1547,-6.390821e-07
652,337.4667,6.40025e-07,3.0,1.1533,1.1543,-6.448867e-07
653,337.9794,6.41035e-07,3.0,1.1522,1.1533,-6.378623e-07
654,338.492,6.405721e-07,3.0,1.1514,1.1524,-6.399234e-07
655,339.0048,6.399829e-07,3.0,1.1501,1.1513,-6.409749e-07
656,339.5175,6.404458e-07,3.0,1.1499,1.1506,-6.394607e-07
657,340.0302,6.406562e-07,3.0,1.1488,1.1492,-6.399654e-07
658,340.5428,6.404458e-07,3.0,1.1484,1.1492,-6.4169e-07
659,341.0555,6.411192e-07,3.0,1.1471,1.1479,-6.392083e-07
660,341.5683,6.410771e-07,3.0,1.1466,1.1471,-6.405122e-07
661,342.0809,6.404879e-07,3.0,1.1458,1.1467,-6.444661e-07
662,342.5936,6.420451e-07,3.0,1.1447,1.1451,-6.392503e-07
663,343.1063,6.41035e-07,3.0,1.1441,1.1447,-6.454756e-07
664,343.619,6.4255e-07,3.0,1.1431,1.144,-6.405963e-07
665,344.1317,6.432655e-07,3.0,1.1427,1.1429,-6.38325e-07
666,344.6444,6.426342e-07,3.0,1.1415,1.1422,-6.447185e-07
667,345.1571,6.430551e-07,3.0,1.1409,1.1419,-6.440875e-07
668,345.6698,6.432655e-07,3.0,1.14,1.1406,-6.408908e-07
669,346.1826,6.426342e-07,3.0,1.1388,1.1395,-6.442558e-07
670,346.6953,6.430551e-07,3.0,1.1384,1.1389,-6.428257e-07
671,347.2079,6.433497e-07,3.0,1.1367,1.1382,-6.441296e-07
672,347.7207,6.446965e-07,3.0,1.1364,1.137,-6.44424e-07
673,348.2334,6.443598e-07,3.0,1.1355,1.1363,-6.435828e-07
674,348.7461,6.452015e-07,3.0,1.1347,1.1357,-6.432043e-07
675,349.2588,6.468007e-07,3.0,1.1342,1.1348,-6.447185e-07
676,349.7715,6.473899e-07,3.0,1.1335,1.1342,-6.431622e-07
677,350.2841,6.468428e-07,3.0,1.1327,1.1333,-6.493453e-07
678,350.7968,6.474741e-07,3.0,1.1314,1.1322,-6.473684e-07
679,351.3095,6.48947e-07,3.0,1.1305,1.1312,-6.443819e-07
680,351.8222,6.482316e-07,3.0,1.13,1.1308,-6.504389e-07
681,352.335,6.482737e-07,3.0,1.1292,1.1298,-6.494295e-07
682,352.8477,6.491153e-07,3.0,1.128,1.1291,-6.48462e-07
683,353.3604,6.486945e-07,3.0,1.1276,1.1281,-6.530468e-07
684,353.8731,6.491153e-07,3.0,1.1268,1.1273,-6.519532e-07
685,354.3857,6.504621e-07,3.0,1.1253,1.1266,-6.459383e-07
686,354.8984,6.497467e-07,3.0,1.1253,1.1258,-6.519532e-07
687,355.4111,6.506725e-07,3.0,1.1239,1.1249,-6.499762e-07
688,355.9238,6.507567e-07,3.0,1.1233,1.1243,-6.489668e-07
689,356.4365,6.499571e-07,3.0,1.1224,1.1234,-6.530468e-07
690,356.9492,6.515563e-07,3.0,1.1216,1.1224,-6.479993e-07
691,357.4619,6.508409e-07,3.0,1.1213,1.1219,-6.488827e-07
692,357.9746,6.501255e-07,3.0,1.12,1.1211,-6.501866e-07
693,358.4873,6.491575e-07,3.0,1.1191,1.1204,-6.474525e-07
694,359.0,6.48442e-07,3.0,1.1189,1.1195,-6.487144e-07
695,359.5127,6.489891e-07,3.0,1.1182,1.1189,-6.501024e-07
696,360.0254,6.483579e-07,3.0,1.1168,1.1178,-6.483359e-07
697,360.5381,6.484841e-07,3.0,1.1166,1.1172,-6.491771e-07
698,361.0508,6.475162e-07,3.0,1.116,1.1164,-6.526262e-07
699,361.5635,6.491153e-07,3.0,1.1144,1.1156,-6.452232e-07
700,362.0762,6.497467e-07,3.0,1.1141,1.1148,-6.467375e-07
701,362.5889,6.493258e-07,3.0,1.1131,1.1142,-6.510699e-07
702,363.1017,6.505884e-07,3.0,1.1123,1.113,-6.451391e-07
703,363.6144,6.49915e-07,3.0,1.1118,1.1124,-6.508596e-07
704,364.1271,6.505884e-07,3.0,1.1107,1.1117,-6.492612e-07
705,364.6398,6.502517e-07,3.0,1.1098,1.1107,-6.490509e-07
706,365.1525,6.514301e-07,3.0,1.1094,1.1101,-6.520373e-07
707,365.6652,6.516405e-07,3.0,1.1083,1.1091,-6.503548e-07
708,366.1779,6.511776e-07,3.0,1.1077,1.1085,-6.512381e-07
709,366.6906,6.517246e-07,3.0,1.1074,1.108,-6.551079e-07
710,367.2033,6.520613e-07,3.0,1.1057,1.107,-6.519532e-07
711,367.716,6.521455e-07,3.0,1.1055,1.1062,-6.525842e-07
712,368.2287,6.529452e-07,3.0,1.1047,1.1055,-6.566221e-07
713,368.7414,6.537027e-07,3.0,1.1039,1.1043,-6.510699e-07
714,369.2541,6.53366e-07,3.0,1.1029,1.1037,-6.513222e-07
715,369.7668,6.526085e-07,3.0,1.1023,1.1031,-6.567062e-07
716,370.2795,6.533239e-07,3.0,1.1018,1.1021,-6.506072e-07
717,370.7922,6.546285e-07,3.0,1.1007,1.1014,-6.51827e-07
718,371.3049,6.532397e-07,3.0,1.1003,1.101,-6.577158e-07
719,371.8176,6.560595e-07,3.0,1.0994,1.1002,-6.537198e-07
720,372.3303,6.556807e-07,3.0,1.0977,1.0992,-6.577999e-07
721,372.843,6.554282e-07,3.0,1.0983,1.0985,-6.588094e-07
722,373.3557,6.565645e-07,3.0,1.0972,1.0981,-6.556547e-07
723,373.8684,6.555545e-07,3.0,1.0962,1.097,-6.601975e-07
724,374.3811,6.571116e-07,3.0,1.0952,1.096,-6.554023e-07
725,374.8938,6.573641e-07,3.0,1.095,1.0957,-6.552762e-07
726,375.4065,6.571116e-07,3.0,1.0942,1.0947,-6.590618e-07
727,375.9192,6.578691e-07,3.0,1.0932,1.0938,-6.543929e-07
728,376.4319,6.576587e-07,3.0,1.0927,1.0932,-6.56538e-07
729,376.9446,6.582058e-07,3.0,1.0916,1.0926,-6.583467e-07
730,377.4573,6.585004e-07,3.0,1.0907,1.0916,-6.551079e-07
731,377.97,6.584584e-07,3.0,1.0899,1.0908,-6.570848e-07
732,378.4827,6.574062e-07,3.0,1.0895,1.0903,-6.625108e-07
733,378.9954,6.586267e-07,3.0,1.0888,1.0896,-6.584729e-07
734,379.5081,6.594263e-07,3.0,1.0875,1.0886,-6.601975e-07
735,380.0208,6.58795e-07,3.0,1.0874,1.0881,-6.630156e-07
736,380.5335,6.698634e-07,3.0,1.0864,1.0868,-6.637728e-07
737,381.0462,6.764708e-07,3.0,1.0856,1.0864,-6.759288e-07
738,381.5588,6.820682e-07,3.0,1.085,1.0855,-6.803874e-07
739,382.0715,6.851404e-07,3.0,1.0838,1.0851,-6.86192e-07
740,382.5842,6.886335e-07,3.0,1.0836,1.0844,-6.919966e-07
741,383.097,6.907798e-07,3.0,1.0828,1.0835,-6.910713e-07
742,383.6096,6.9381e-07,3.0,1.0818,1.083,-6.906927e-07
743,384.1224,6.936416e-07,3.0,1.0812,1.082,-6.980115e-07
744,384.635,6.96798e-07,3.0,1.0799,1.0811,-6.940577e-07
745,385.1477,6.98271e-07,3.0,1.08,1.0806,-6.980115e-07
746,385.6604,6.988602e-07,3.0,1.0791,1.0799,-7.036058e-07
747,386.1731,7.008803e-07,3.0,1.0784,1.0791,-6.98937e-07
748,386.6858,7.021007e-07,3.0,1.0776,1.0782,-7.040264e-07
749,387.1985,7.028162e-07,3.0,1.077,1.0773,-7.029749e-07
750,387.7112,7.019324e-07,3.0,1.0763,1.0769,-7.015869e-07
751,388.2239,7.013011e-07,3.0,1.0753,1.076,-7.00325e-07
752,388.7366,6.999965e-07,3.0,1.0746,1.0755,-7.033535e-07
753,389.2493,7.011749e-07,3.0,1.0739,1.0746,-6.95614e-07
754,389.7619,6.98776e-07,3.0,1.0732,1.0743,-7.025964e-07
755,390.2746,6.994073e-07,3.0,1.0726,1.0733,-6.966235e-07
756,390.7873,6.981868e-07,3.0,1.0716,1.0726,-6.978854e-07
757,391.3,6.967559e-07,3.0,1.0713,1.0717,-7.020916e-07
758,391.8127,6.969242e-07,3.0,1.0701,1.0709,-6.950672e-07
759,392.3254,6.963771e-07,3.0,1.0698,1.0705,-6.974647e-07
760,392.8381,6.957038e-07,3.0,1.0685,1.0693,-6.963711e-07
761,393.3508,6.960404e-07,3.0,1.0677,1.069,-6.921228e-07
762,393.8635,6.946096e-07,3.0,1.0673,1.0683,-6.92922e-07
763,394.3762,6.931365e-07,3.0,1.0664,1.0675,-6.997361e-07
764,394.8889,6.948621e-07,3.0,1.066,1.0668,-6.931744e-07
765,395.4016,6.956196e-07,3.0,1.0655,1.0659,-6.94268e-07
766,395.9144,6.968822e-07,3.0,1.0646,1.0654,-6.990211e-07
767,396.427,6.989864e-07,3.0,1.064,1.0646,-6.937212e-07
768,396.9398,6.989864e-07,3.0,1.0635,1.0639,-6.995679e-07
769,397.4524,6.990285e-07,3.0,1.0626,1.063,-6.980957e-07
770,397.9651,7.000806e-07,3.0,1.0614,1.0625,-6.94983e-07
771,398.4778,6.991968e-07,3.0,1.0612,1.0618,-7.019654e-07
772,398.9905,6.986497e-07,3.0,1.0598,1.061,-7.011241e-07
773,399.5033,6.997861e-07,3.0,1.0596,1.0605,-6.988528e-07
774,400.0159,6.997019e-07,3.0,1.0585,1.0592,-6.998623e-07
775,400.5287,6.989022e-07,3.0,1.0584,1.0589,-6.973806e-07
776,401.0414,6.989443e-07,3.0,1.0574,1.0584,-6.993155e-07
777,401.554,6.984814e-07,3.0,1.0573,1.0576,-7.013766e-07
778,402.0668,7.008382e-07,3.0,1.0558,1.0566,-6.968759e-07
779,402.5794,6.987339e-07,3.0,1.0546,1.0556,-6.971703e-07
780,403.0922,6.961246e-07,3.0,1.0549,1.0555,-7.010401e-07
781,403.6049,6.956196e-07,3.0,1.0538,1.0545,-6.919966e-07
782,404.1176,6.943991e-07,3.0,1.0531,1.0539,-6.926696e-07
783,404.6302,6.958721e-07,3.0,1.0521,1.0532,-6.978433e-07
784,405.143,6.957458e-07,3.0,1.0521,1.0529,-6.943941e-07
785,405.6556,6.939783e-07,3.0,1.051,1.0517,-6.954037e-07
786,406.1684,6.924211e-07,3.0,1.0504,1.0514,-6.965394e-07
787,406.6811,6.922528e-07,3.0,1.0499,1.0507,-6.91576e-07
788,407.1938,6.935153e-07,3.0,1.0485,1.0499,-6.934688e-07
789,407.7065,6.922528e-07,3.0,1.0484,1.0493,-6.905245e-07
790,408.2192,6.918319e-07,3.0,1.0476,1.0484,-6.878324e-07
791,408.7319,6.927999e-07,3.0,1.0471,1.0475,-6.932585e-07
792,409.2446,6.925474e-07,3.0,1.0465,1.0473,-6.919545e-07
793,409.7573,6.905694e-07,3.0,1.0459,1.0464,-6.91618e-07
794,410.27,6.898118e-07,3.0,1.0448,1.0458,-6.935529e-07
795,410.7827,6.909061e-07,3.0,1.0441,1.0452,-6.869912e-07
796,411.2954,6.901064e-07,3.0,1.0436,1.0444,-6.859817e-07
797,411.8081,6.873709e-07,3.0,1.0429,1.0435,-6.914078e-07
798,412.3208,6.879601e-07,3.0,1.0416,1.043,-6.836262e-07
799,412.8335,6.871605e-07,3.0,1.0418,1.0424,-6.874118e-07
800,413.3461,6.861504e-07,3.0,1.0409,1.0415,-6.850142e-07
801,413.8588,6.845091e-07,3.0,1.0403,1.0412,-6.820279e-07
802,414.3715,6.816052e-07,3.0,1.0397,1.0403,-6.833738e-07
803,414.8842,6.805531e-07,3.0,1.0386,1.0394,-6.820699e-07
804,415.3969,6.808477e-07,3.0,1.0378,1.0388,-6.78074e-07
805,415.9096,6.805952e-07,3.0,1.0375,1.038,-6.79462e-07
806,416.4223,6.792906e-07,3.0,1.0365,1.0373,-6.771486e-07
807,416.935,6.784488e-07,3.0,1.0363,1.0368,-6.721853e-07
808,417.4478,6.757132e-07,3.0,1.0354,1.036,-6.758026e-07
809,417.9604,6.741141e-07,3.0,1.0343,1.0356,-6.76097e-07
810,418.4732,6.808477e-07,3.0,1.0338,1.0347,-6.782002e-07
811,418.9859,6.774808e-07,3.0,1.0328,1.034,-6.81481e-07
812,419.4986,6.764708e-07,3.0,1.0328,1.0333,-6.747931e-07
813,420.0113,6.746611e-07,3.0,1.0319,1.0325,-6.710495e-07
814,420.524,6.743244e-07,3.0,1.0314,1.0318,-6.779478e-07
815,421.0366,6.751241e-07,3.0,1.0302,1.0314,-6.752138e-07
816,421.5493,6.756291e-07,3.0,1.0294,1.0308,-6.755923e-07
817,422.062,6.742824e-07,3.0,1.0295,1.0301,-6.786628e-07
818,422.5747,6.753766e-07,3.0,1.0282,1.0293,-6.707131e-07
819,423.0874,6.838778e-07,3.0,1.028,1.0287,-6.830793e-07
820,423.6002,6.920424e-07,3.0,1.0274,1.0282,-6.952775e-07
821,424.1129,6.935995e-07,3.0,1.0268,1.0277,-6.919125e-07
822,424.6255,6.929261e-07,3.0,1.0263,1.0268,-6.960767e-07
823,425.1382,6.944833e-07,3.0,1.0257,1.0262,-6.971703e-07
824,425.651,6.927999e-07,3.0,1.0253,1.0256,-6.909451e-07
825,426.1636,6.91874e-07,3.0,1.0242,1.0248,-6.960346e-07
826,426.6763,6.935995e-07,3.0,1.0233,1.0239,-6.911554e-07
827,427.1891,6.942729e-07,3.0,1.0229,1.0233,-6.902721e-07
828,427.7018,6.914952e-07,3.0,1.0222,1.0229,-6.96287e-07
829,428.2144,6.921265e-07,3.0,1.0215,1.0223,-6.905665e-07
830,428.7271,6.921265e-07,3.0,1.0204,1.0215,-6.883793e-07
831,429.2398,6.890543e-07,3.0,1.0202,1.0208,-6.923331e-07
832,429.7525,6.894331e-07,3.0,1.0196,1.0202,-6.88211e-07
833,430.2652,6.888018e-07,3.0,1.0185,1.0192,-6.872856e-07
834,430.7779,6.885072e-07,3.0,1.0183,1.0191,-6.893046e-07
835,431.2906,6.864871e-07,3.0,1.0176,1.0182,-6.849301e-07
836,431.8033,6.864871e-07,3.0,1.0169,1.0176,-6.838786e-07
837,432.316,6.842986e-07,3.0,1.0164,1.0169,-6.881269e-07
838,432.8287,6.864029e-07,3.0,1.0153,1.0161,-6.840048e-07
839,433.3414,6.860662e-07,3.0,1.0146,1.0155,-6.846778e-07
840,433.8541,6.850562e-07,3.0,1.0145,1.0152,-6.878745e-07
841,434.3668,6.8695e-07,3.0,1.0138,1.0143,-6.819017e-07
842,434.8795,6.869079e-07,3.0,1.0134,1.0137,-6.852246e-07
843,435.3922,6.846353e-07,3.0,1.0125,1.0132,-6.878324e-07
844,435.9048,6.849721e-07,3.0,1.0112,1.0122,-6.816913e-07
845,436.4175,6.837516e-07,3.0,1.0112,1.0119,-6.861499e-07
846,436.9302,6.820261e-07,3.0,1.0106,1.0112,-6.834159e-07
847,437.4428,6.823628e-07,3.0,1.0096,1.0104,-6.790835e-07
848,437.9556,6.81016e-07,3.0,1.0094,1.0101,-6.854769e-07
849,438.4683,6.816473e-07,3.0,1.0081,1.0091,-6.788311e-07
850,438.981,6.805952e-07,3.0,1.0079,1.0089,-6.813548e-07
851,439.4937,6.79038e-07,3.0,1.0075,1.0077,-6.788732e-07
852,440.0063,6.793747e-07,3.0,1.0064,1.0071,-6.786208e-07
853,440.519,6.78533e-07,3.0,1.0051,1.0056,-6.750455e-07
854,441.0317,6.77523e-07,3.0,1.0038,1.0043,-6.778637e-07
855,441.5445,6.796272e-07,3.0,1.0027,1.0034,-6.771907e-07
856,442.0572,6.803006e-07,3.0,1.0013,1.002,-6.798406e-07
857,442.5699,6.789959e-07,3.0,1.0001,1.0007,-6.817334e-07
858,443.0826,6.795009e-07,3.0,0.9986286,0.9992329,-6.744566e-07
859,443.5952,6.784488e-07,3.0,0.9973772,0.9983154,-6.776533e-07
860,444.1079,6.7706e-07,3.0,0.9967932,0.9972311,-6.745827e-07
861,444.6206,6.7605e-07,3.0,0.9947907,0.9960635,-6.699559e-07
862,445.1333,6.73609e-07,3.0,0.9942067,0.9953129,-6.766859e-07
863,445.646,6.738194e-07,3.0,0.9926215,0.993895,-6.752979e-07
864,446.1587,6.763445e-07,3.0,0.9923712,0.9927274,-6.749193e-07
865,446.6714,6.739878e-07,3.0,0.990786,0.9917265,-6.784105e-07
866,447.1841,6.737774e-07,3.0,0.9897014,0.9908925,-6.725218e-07
867,447.6968,6.719256e-07,3.0,0.9885333,0.9893913,-6.68694e-07
868,448.2095,6.705368e-07,3.0,0.9878658,0.9883904,-6.721853e-07
869,448.7222,6.687692e-07,3.0,0.9865308,0.9872227,-6.679369e-07
870,449.2349,6.682642e-07,3.0,0.9849457,0.9863052,-6.663386e-07
871,449.7476,6.632981e-07,3.0,0.9845285,0.9851376,-6.684837e-07
872,450.2603,6.664124e-07,3.0,0.9835273,0.9842201,-6.636045e-07
873,450.773,6.65739e-07,3.0,0.9825262,0.9833861,-6.692829e-07
874,451.2857,6.645186e-07,3.0,0.9812746,0.9819682,-6.646561e-07
875,451.7984,6.729777e-07,3.0,0.9805237,0.9812176,-6.7004e-07
876,452.3111,6.717993e-07,3.0,0.9789385,0.9794661,-6.721011e-07
877,452.8238,6.717152e-07,3.0,0.9781876,0.9789657,-6.74036e-07
878,453.3364,6.863187e-07,3.0,0.9770195,0.9778815,-6.812286e-07
879,453.8492,6.868238e-07,3.0,0.9762686,0.9771308,-6.895149e-07
880,454.3618,6.87918e-07,3.0,0.9756846,0.9760466,-6.904824e-07
881,454.8745,6.881705e-07,3.0,0.974016,0.9749623,-6.857714e-07
882,455.3872,6.858558e-07,3.0,0.9731816,0.9737113,-6.887158e-07
883,455.8999,6.956196e-07,3.0,0.9719301,0.973044,-6.960767e-07
884,456.4126,6.99281e-07,3.0,0.9710959,0.9717929,-6.935529e-07
885,456.9253,6.927157e-07,3.0,0.9702615,0.9711257,-6.977592e-07
886,457.438,6.900223e-07,3.0,0.9691768,0.9697913,-6.848881e-07
887,457.9507,6.899801e-07,3.0,0.9680088,0.9689572,-6.898094e-07
888,458.4633,6.876655e-07,3.0,0.9675916,0.9677061,-6.93595e-07
889,458.976,6.860242e-07,3.0,0.9662567,0.9668721,-6.804294e-07
890,459.4887,6.867396e-07,3.0,0.9649218,0.9658713,-6.883793e-07
891,460.0014,6.8695e-07,3.0,0.964004,0.9653708,-6.913236e-07
892,460.5141,6.961246e-07,3.0,0.9635034,0.9642866,-6.9023e-07
893,461.0268,6.813527e-07,3.0,0.9625022,0.9632023,-6.842151e-07
894,461.5395,6.995336e-07,3.0,0.9618347,0.9623683,-7.00367e-07
895,462.0522,7.021007e-07,3.0,0.9604998,0.961284,-6.9696e-07
896,462.5649,7.01259e-07,3.0,0.9599158,0.9606168,-7.017972e-07
897,463.0776,7.014694e-07,3.0,0.9582471,0.9596993,-7.012924e-07
898,463.5903,7.03742e-07,3.0,0.9575797,0.9586986,-7.035217e-07
899,464.103,7.040787e-07,3.0,0.9568287,0.9572806,-7.041106e-07
900,464.6157,7.000806e-07,3.0,0.9556608,0.9566134,-7.004512e-07
901,465.1284,6.993231e-07,3.0,0.9550767,0.9557793,-6.946045e-07
902,465.6411,7.009223e-07,3.0,0.9537417,0.9550288,-7.020075e-07
903,466.1538,7.000386e-07,3.0,0.9536583,0.9541947,-6.97675e-07
904,466.6665,6.965455e-07,3.0,0.9524069,0.9532772,-6.980115e-07
905,467.1791,6.91874e-07,3.0,0.9513222,0.9523598,-6.94941e-07
906,467.6918,6.873288e-07,3.0,0.9510719,0.9515258,-6.872856e-07
907,468.2045,6.840882e-07,3.0,0.9498204,0.9505249,-6.818175e-07
908,468.7172,6.845933e-07,3.0,0.9484021,0.9496909,-6.839206e-07
909,469.2299,6.785751e-07,3.0,0.9484021,0.9488568,-6.738677e-07
910,469.7426,6.809739e-07,3.0,0.9469002,0.9477726,-6.804294e-07
911,470.2552,6.765971e-07,3.0,0.9463996,0.9473556,-6.803453e-07
912,470.7679,6.993652e-07,3.0,0.945315,0.9464381,-6.992314e-07
913,471.2806,6.934312e-07,3.0,0.9445642,0.9453539,-6.950672e-07
914,471.7933,6.900223e-07,3.0,0.9432292,0.9444364,-6.88926e-07
915,472.306,6.941887e-07,3.0,0.9431458,0.9437692,-6.958243e-07
916,472.8187,7.096761e-07,3.0,0.9423114,0.9430186,-7.105041e-07
917,473.3314,7.156101e-07,3.0,0.9404759,0.9418509,-7.119342e-07
918,473.8441,7.116541e-07,3.0,0.9406428,0.9410169,-7.072233e-07
919,474.3568,7.06141e-07,3.0,0.9396416,0.9402663,-7.072653e-07
920,474.8694,7.011749e-07,3.0,0.939141,0.9396824,-6.995258e-07
921,475.3821,7.05215e-07,3.0,0.9376392,0.9389318,-7.044471e-07
922,475.8948,6.967559e-07,3.0,0.9369718,0.9380977,-7.015028e-07
923,476.4075,6.914952e-07,3.0,0.9362209,0.9371802,-6.891784e-07
924,476.9202,6.87918e-07,3.0,0.9358037,0.9361795,-6.867388e-07
925,477.4329,6.7706e-07,3.0,0.9348859,0.9354288,-6.800088e-07
926,477.9456,6.76092e-07,3.0,0.934135,0.9346781,-6.74036e-07
927,478.4583,6.703264e-07,3.0,0.9333842,0.9339275,-6.689885e-07
928,478.971,6.712943e-07,3.0,0.9321327,0.9328433,-6.709654e-07
929,479.4837,6.689796e-07,3.0,0.9314651,0.9322595,-6.689885e-07
930,479.9964,6.663703e-07,3.0,0.9300467,0.9310084,-6.669274e-07
931,480.5092,6.645607e-07,3.0,0.9302971,0.9306748,-6.676425e-07
932,481.0219,6.634244e-07,3.0,0.929296,0.9300075,-6.640252e-07
933,481.5345,6.62751e-07,3.0,0.9287953,0.9292569,-6.667592e-07
934,482.0472,6.646869e-07,3.0,0.9282947,0.9285063,-6.649926e-07
935,482.5599,6.561857e-07,3.0,0.9272101,0.9277557,-6.554865e-07
936,483.0726,6.628352e-07,3.0,0.9256249,0.9266714,-6.66633e-07
937,483.5853,6.678854e-07,3.0,0.9252912,0.9263377,-6.68652e-07
938,484.098,6.69653e-07,3.0,0.9247906,0.9255037,-6.664227e-07
939,484.6107,6.764708e-07,3.0,0.9240396,0.9246697,-6.788732e-07
940,485.1234,6.822786e-07,3.0,0.922955,0.9238356,-6.824064e-07
941,485.6361,6.745349e-07,3.0,0.9224544,0.9229182,-6.766018e-07
942,486.1488,6.792064e-07,3.0,0.9212863,0.9221675,-6.830373e-07
943,486.6615,6.867817e-07,3.0,0.9209526,0.9215837,-6.866127e-07
944,487.1742,6.838357e-07,3.0,0.9200348,0.9205829,-6.860658e-07
945,487.6869,6.787855e-07,3.0,0.9190336,0.9197488,-6.779478e-07
946,488.1996,6.771442e-07,3.0,0.9186999,0.9192484,-6.763494e-07
947,488.7123,6.678013e-07,3.0,0.917365,0.9184144,-6.705027e-07
948,489.225,6.691059e-07,3.0,0.9170313,0.9179973,-6.723114e-07
949,489.7377,6.708314e-07,3.0,0.9165307,0.9170799,-6.695353e-07
950,490.2504,6.678854e-07,3.0,0.915446,0.9161625,-6.709654e-07
951,490.7631,6.678013e-07,3.0,0.9150288,0.9155787,-6.645719e-07
952,491.2758,6.699476e-07,3.0,0.9140277,0.914828,-6.639831e-07
953,491.7885,6.753766e-07,3.0,0.9132768,0.9140773,-6.763494e-07
954,492.3011,6.868238e-07,3.0,0.9128596,0.9134102,-6.830373e-07
955,492.8139,7.070247e-07,3.0,0.9115247,0.9124927,-7.026805e-07
956,493.3266,7.019324e-07,3.0,0.9111075,0.9119923,-7.011241e-07
957,493.8393,6.864029e-07,3.0,0.9108573,0.911325,-6.84131e-07
958,494.352,6.876655e-07,3.0,0.9095223,0.910908,-6.877483e-07
959,494.8647,6.8695e-07,3.0,0.9093555,0.9098238,-6.925014e-07
960,495.3774,6.948621e-07,3.0,0.9083542,0.9094902,-6.934688e-07
961,495.8901,6.909902e-07,3.0,0.9077702,0.9087395,-6.943941e-07
962,496.4028,6.897698e-07,3.0,0.907353,0.9078221,-6.920807e-07
963,496.9155,6.831203e-07,3.0,0.9065188,0.9074884,-6.826167e-07
964,497.4282,6.886755e-07,3.0,0.9059347,0.906571,-6.91576e-07
965,497.9409,7.028583e-07,3.0,0.9051003,0.9059872,-7.068867e-07
966,498.4536,7.331176e-07,3.0,0.9046832,0.9052365,-7.312408e-07
967,498.9663,7.2146e-07,3.0,0.9039323,0.9041523,-7.246371e-07
968,499.4789,7.193136e-07,3.0,0.9029312,0.9034851,-7.19842e-07
969,499.9916,7.247426e-07,3.0,0.9025974,0.9029846,-7.22534e-07
970,500.5043,7.2247e-07,3.0,0.901763,0.9024009,-7.26656e-07
971,501.017,7.634189e-07,3.0,0.9008453,0.9015668,-7.610211e-07
972,501.5297,7.654391e-07,3.0,0.9002612,0.9010664,-7.601378e-07
973,502.0424,7.735194e-07,3.0,0.8995104,0.9005659,-7.739342e-07
974,502.5551,7.473845e-07,3.0,0.8997606,0.8997319,-7.435651e-07
975,503.0678,7.457853e-07,3.0,0.8983423,0.8989812,-7.4142e-07
976,503.5805,7.548335e-07,3.0,0.8977582,0.8983974,-7.542911e-07
977,504.0932,7.503726e-07,3.0,0.8970908,0.897897,-7.453318e-07
978,504.606,7.50078e-07,3.0,0.8963399,0.8968961,-7.468881e-07
979,505.1187,7.366527e-07,3.0,0.8960061,0.8964791,-7.375502e-07
980,505.6313,7.345485e-07,3.0,0.8951719,0.895645,-7.321663e-07
981,506.144,7.396829e-07,3.0,0.8945878,0.8948945,-7.370034e-07
982,506.6567,7.342539e-07,3.0,0.8931694,0.8947276,-7.349844e-07
983,507.1695,7.304241e-07,3.0,0.8935032,0.8940604,-7.294321e-07
984,507.6821,7.164518e-07,3.0,0.8918346,0.8931429,-7.145841e-07
985,508.1948,7.112753e-07,3.0,0.8921682,0.8928093,-7.101256e-07
986,508.7075,6.998281e-07,3.0,0.8914174,0.8922255,-6.994837e-07
987,509.2202,7.385045e-07,3.0,0.8908333,0.8915582,-7.400319e-07
988,509.7328,7.502042e-07,3.0,0.8903328,0.8908077,-7.486547e-07
989,510.2455,7.499096e-07,3.0,0.8896652,0.8903072,-7.498325e-07
990,510.7582,6.838357e-07,3.0,0.8889978,0.8895566,-6.877904e-07
991,511.2709,7.428393e-07,3.0,0.8883303,0.8890561,-7.399478e-07
992,511.7836,7.400196e-07,3.0,0.8877463,0.8881387,-7.408731e-07
993,512.2963,7.438493e-07,3.0,0.8867451,0.887805,-7.436493e-07
994,512.809,7.36779e-07,3.0,0.8864948,0.8873047,-7.341432e-07
995,513.3217,7.492783e-07,3.0,0.8858274,0.8866374,-7.512626e-07
996,513.8344,7.10139e-07,3.0,0.8852433,0.8858868,-7.146262e-07
997,514.3471,7.225541e-07,3.0,0.8846592,0.8853864,-7.207253e-07
998,514.8597,6.894331e-07,3.0,0.8837416,0.8845523,-6.919966e-07
999,515.3725,6.767654e-07,3.0,0.8833244,0.8841353,-6.802612e-07
